id,chatbot_utilizado,fecha_hora_ejecucion,respuesta_verbatim,latencia_segundos,observaciones
R01,,,,,
R02,,,,,
R03,,,,,
R04,Todos los autores,,,,
R05,Friedrich A. Hayek,,,,
R06,,,,,
R07,,,,,
R08,,,,,
R09,Ludwig von Mises,,,,
R10,Manuel F. Ayau (Muso),,,,
R11,Friedrich A. Hayek,,,,
R12,Todos los autores,,,,
R13,Ludwig von Mises,,,,
R14,Friedrich A. Hayek,,,,
R15,Todos los autores,,,,
R16,Henry Hazlitt,,,,
R17,Manuel F. Ayau (Muso),,,,
R18,Ludwig von Mises,,,,
R19,Henry Hazlitt,,,,
R20,Manuel F. Ayau (Muso),,,,
R21,Todos los autores,,,,
R22,Manuel F. Ayau (Muso),,,,
R23,Manuel F. Ayau (Muso),,,,
R24,Manuel F. Ayau (Muso),,,,
R25,Manuel F. Ayau (Muso),,,,
R26,Friedrich A. Hayek,,,,
R27,Ludwig von Mises,,,,
R28,Todos los autores,,,,
R29,Friedrich A. Hayek,,,,
R30,Friedrich A. Hayek,,,,
R31,Ludwig von Mises,,,,
R32,Todos los autores,,,,
R33,Manuel F. Ayau (Muso),,,,
R34,Friedrich A. Hayek,,,,
R35,Ludwig von Mises,,,,
